T,v_threshold,Global_Sparsity,Global_Avg_Rate
10,0.5,0.8340826941033205,0.16591730589667955
10,1.0,0.9960220027714968,0.003977997228503227
10,1.5,1.0,0.0
10,2.0,1.0,0.0
20,0.5,0.9233614349116882,0.07663856508831184
20,1.0,0.9922854887942473,0.00771451120575269
20,1.5,0.9997110172213676,0.00028898277863239247
20,2.0,1.0,0.0
30,0.5,0.9327201583461525,0.06727984165384744
30,1.0,0.998262781649828,0.0017372183501720428
30,1.5,1.0,0.0
30,2.0,1.0,0.0
