Model,MIA_Accuracy,Train_Confidence_Mean,Test_Confidence_Mean,Conf_Gap
SNN (Sparse),0.5,0.125,0.125,0.0
Dense_SNN,0.4739583333333333,0.25675768,0.25849587,-0.0017381907
ANN,0.515625,0.72238225,0.71648216,0.005900085
